Country	ISO Code	Emoji Code	Full Name	Scorewiz Code	Flag
Abkhazia	ge	abkhazia	Abkhazia	ak	ğŸ‡¬ğŸ‡ª
Afghanistan	af	af	Afghanistan	af	ğŸ‡¦ğŸ‡«
Ã…land Islands	ax	ax	&Aring;land Islands	ax	ğŸ‡¦ğŸ‡½
Albania	al	al	Albania	al	ğŸ‡¦ğŸ‡±
Algeria	dz	dz	Algeria	dz	ğŸ‡©ğŸ‡¿
American Samoa	as	as	American Samoa	as	ğŸ‡¦ğŸ‡¸
Andorra	ad	ad	Andorra	ad	ğŸ‡¦ğŸ‡©
Angola	ao	ao	Angola	ag	ğŸ‡¦ğŸ‡´
Antarctica	aq	aq	Antarctica	aa	ğŸ‡¦ğŸ‡¶
Antigua & Barbuda	ag	ag	Antigua and Barbuda	ai	ğŸ‡¦ğŸ‡¬
Argentina	ar	ar	Argentina	ar	ğŸ‡¦ğŸ‡·
Armenia	am	am	Armenia	am	ğŸ‡¦ğŸ‡²
Aruba	aw	aw	Aruba	ab	ğŸ‡¦ğŸ‡¼
Australia	au	au	Australia	au	ğŸ‡¦ğŸ‡º
Austria	at	at	Austria	at	ğŸ‡¦ğŸ‡¹
Azerbaijan	az	az	Azerbaijan	az	ğŸ‡¦ğŸ‡¿
Azores	pt	azores	Portugal	pt	ğŸ‡µğŸ‡¹
Bahamas	bs	bs	Bahamas	bs	ğŸ‡§ğŸ‡¸
Bahrain	bh	bh	Bahrain	bh	ğŸ‡§ğŸ‡­
Bangladesh	bd	bd	Bangladesh	bd	ğŸ‡§ğŸ‡©
Barbados	bb	bb	Barbados	bb	ğŸ‡§ğŸ‡§
Basque County	es	basque	Basque County	ek	ğŸ‡ªğŸ‡¸
Belarus	by	by	Belarus	by	ğŸ‡§ğŸ‡¾
Belgium	be	be	Belgium	be	ğŸ‡§ğŸ‡ª
Belize	bz	bz	Belize	bz	ğŸ‡§ğŸ‡¿
Benin	bj	bj	Benin	bn	ğŸ‡§ğŸ‡¯
Bermuda	bm	bm	Bermuda	xf	ğŸ‡§ğŸ‡²
Bhutan	bt	bt	Bhutan	bt	ğŸ‡§ğŸ‡¹
Bolivia	bo	bo	Bolivia	bo	ğŸ‡§ğŸ‡´
Bonaire	nl	nl	Bonaire	bx	ğŸ‡§ğŸ‡¶
Bosnia & Hz'govina	ba	ba	Bosnia and Herzegovina	ba	ğŸ‡§ğŸ‡¦
Botswana	bw	bw	Botswana	bw	ğŸ‡§ğŸ‡¼
Brazil	br	br	Brazil	br	ğŸ‡§ğŸ‡·
Brunei	bn	bn	Brunei	yd	ğŸ‡§ğŸ‡³
Bulgaria	bg	bg	Bulgaria	bg	ğŸ‡§ğŸ‡¬
Burkina Faso	bf	bf	Burkina Faso	bf	ğŸ‡§ğŸ‡«
Burundi	bi	bi	Burundi	bi	ğŸ‡§ğŸ‡®
Cambodia	kh	kh	Cambodia	cb	ğŸ‡°ğŸ‡­
Cameroon	cm	cm	Cameroon	cm	ğŸ‡¨ğŸ‡²
Canada	ca	ca	Canada	ca	ğŸ‡¨ğŸ‡¦
Canary Islands	es	es	Canary Islands	xc	ğŸ‡®ğŸ‡¨
Cape Verde	cv	cv	Cape Verde	cp	ğŸ‡¨ğŸ‡»
Central African Rep.	cf	cf	Central African Republic	cf	ğŸ‡¨ğŸ‡«
Chad	td	td	Chad	cd	ğŸ‡¹ğŸ‡©
Chile	cl	cl	Chile	cl	ğŸ‡¨ğŸ‡±
China	cn	cn	China	cn	ğŸ‡¨ğŸ‡³
Colombia	co	co	Colombia	co	ğŸ‡¨ğŸ‡´
Comoros	km	km	Comoros	zx	ğŸ‡°ğŸ‡²
Cook Islands	ck	ck	Cook Islands	ci	ğŸ‡¨ğŸ‡°
Costa Rica	cr	cr	Costa Rica	cr	ğŸ‡¨ğŸ‡·
CÃ´te d'Ivoire	ci	ci	Ivory Coast	iv	ğŸ‡¨ğŸ‡®
Croatia	hr	hr	Croatia	hr	ğŸ‡­ğŸ‡·
Cuba	cu	cu	Cuba	cu	ğŸ‡¨ğŸ‡º
CuraÃ§ao	cw	cw	Cura&ccedil;ao	cc	ğŸ‡¨ğŸ‡¼
Cyprus	cy	cy	Cyprus	cy	ğŸ‡¨ğŸ‡¾
Czechia	cz	cz	Czechia	zh	ğŸ‡¨ğŸ‡¿
Dem Rep of the Congo	cd	cd	DR Congo	dc	ğŸ‡¨ğŸ‡©
Denmark	dk	dk	Denmark	dk	ğŸ‡©ğŸ‡°
Djibouti	dj	dj	Djibouti	dj	ğŸ‡©ğŸ‡¯
Dominica	dm	dm	Dominica	dm	ğŸ‡©ğŸ‡²
Dominican Republic	do	do	Dominican Republic	dr	ğŸ‡©ğŸ‡´
Timor-Leste	tl	tl	East Timor	tq	ğŸ‡¹ğŸ‡±
Ecuador	ec	ec	Ecuador	ec	ğŸ‡ªğŸ‡¨
Egypt	eg	eg	Egypt	eg	ğŸ‡ªğŸ‡¬
El Salvador	sv	sv	El Salvador	sd	ğŸ‡¸ğŸ‡»
England	gb	gb	England	en	ğŸ´ó §ó ¢ó ¥ó ®ó §ó ¿
Equatorial Guinea	gq	gq	Equitorial Guinea	eq	ğŸ‡¬ğŸ‡¶
Eritrea	er	er	Eritrea	er	ğŸ‡ªğŸ‡·
Estonia	ee	ee	Estonia	ee	ğŸ‡ªğŸ‡ª
Eswatini	sz	sz	Eswatini	sw	ğŸ‡¸ğŸ‡¿
Ethiopia	et	et	Ethiopia	et	ğŸ‡ªğŸ‡¹
Falkland Islands	fk	fk	Falkland Islands	fk	ğŸ‡«ğŸ‡°
Faroe Islands	fo	fo	Faroe Islands	fo	ğŸ‡«ğŸ‡´
Micronesia	fm	fm	Micronesia	fm	ğŸ‡«ğŸ‡²
Fiji	fj	fj	Fiji	fj	ğŸ‡«ğŸ‡¯
Finland	fi	fi	Finland	fi	ğŸ‡«ğŸ‡®
France	fr	fr	France	fr	ğŸ‡«ğŸ‡·
French Guiana	gf	gf	French Guiana	fg	ğŸ‡¬ğŸ‡«
French Polynesia	pf	pf	French Polynesia	fp	ğŸ‡µğŸ‡«
Gabon	ga	ga	Gabon	ga	ğŸ‡¬ğŸ‡¦
GalÃ¡pagos Islands	ec	galapagos	Gal&aacute;pagos Islands	xg	ğŸ‡ªğŸ‡¨
Georgia	ge	ge	Georgia	gg	ğŸ‡¬ğŸ‡ª
Germany	de	de	Germany	de	ğŸ‡©ğŸ‡ª
Ghana	gh	gh	Ghana	gh	ğŸ‡¬ğŸ‡­
Gibraltar	gi	gi	Gibraltar	gi	ğŸ‡¬ğŸ‡®
Greece	gr	gr	Greece	gr	ğŸ‡¬ğŸ‡·
Greenland	gl	gl	Greenland	gl	ğŸ‡¬ğŸ‡±
Grenada	gd	gd	Grenada	yg	ğŸ‡¬ğŸ‡©
Guam	gu	gu	Guam	zg	ğŸ‡¬ğŸ‡º
Guatemala	gt	gt	Guatemala	gm	ğŸ‡¬ğŸ‡¹
Guernsey	gg	gg	Georgia	gg	ğŸ‡¬ğŸ‡¬
Guinea	gn	gn	Guinea	gn	ğŸ‡¬ğŸ‡³
Guinea-Bissau	gw	gw	Guinea-Bissau	zq	ğŸ‡¬ğŸ‡¼
Guyana	gy	gy	Guyana	gy	ğŸ‡¬ğŸ‡¾
Haiti	ht	ht	Haiti	ha	ğŸ‡­ğŸ‡¹
Honduras	hn	hn	Honduras	ho	ğŸ‡­ğŸ‡³
Hong Kong	hk	hk	Hong Kong	hk	ğŸ‡­ğŸ‡°
Hungary	hu	hu	Hungary	hu	ğŸ‡­ğŸ‡º
Iceland	is	is	Iceland	is	ğŸ‡®ğŸ‡¸
India	in	in	India	in	ğŸ‡®ğŸ‡³
Indonesia	id	id	Indonesia	id	ğŸ‡®ğŸ‡©
Iran	ir	ir	Iran	ir	ğŸ‡®ğŸ‡·
Iraq	iq	iq	Iraq	iq	ğŸ‡®ğŸ‡¶
Ireland	ie	ie	Ireland	ie	ğŸ‡®ğŸ‡ª
Isle of Man	im	im	Isle of Man	im	ğŸ‡®ğŸ‡²
Israel	il	il	Israel	il	ğŸ‡®ğŸ‡±
Italy	it	it	Italy	it	ğŸ‡®ğŸ‡¹
Jamaica	jm	jm	Jamaica	ja	ğŸ‡¯ğŸ‡²
Japan	jp	jp	Japan	jp	ğŸ‡¯ğŸ‡µ
Jersey	je	je	Jersey	je	ğŸ‡¯ğŸ‡ª
Jordan	jo	jo	Jordan	jo	ğŸ‡¯ğŸ‡´
Kazakhstan	kz	kz	Kazakhstan	kz	ğŸ‡°ğŸ‡¿
Kenya	ke	ke	Kenya	ke	ğŸ‡°ğŸ‡ª
Kiribati	ki	ki	Kiribati	ki	ğŸ‡°ğŸ‡®
Kosovo	xk	xk	Kosovo	ka	ğŸ‡½ğŸ‡°
Kurdistan	kr	kurdistan	Kurdistan	kd	ğŸ‡¹ğŸ‡¯
Kuwait	kw	kw	Kuwait	ku	ğŸ‡°ğŸ‡¼
Kyrgyzstan	kg	kg	Kyrgyzstan	kg	ğŸ‡°ğŸ‡¬
Laos	la	la	Laos	ls	ğŸ‡±ğŸ‡¦
Latvia	lv	lv	Latvia	lv	ğŸ‡±ğŸ‡»
Lebanon	lb	lb	Lebanon	le	ğŸ‡±ğŸ‡§
Lesotho	ls	ls	Lesotho	lh	ğŸ‡±ğŸ‡¸
Liberia	lr	lr	Liberia	lb	ğŸ‡±ğŸ‡·
Libya	ly	ly	Libya	li	ğŸ‡±ğŸ‡¾
Liechtenstein	li	li	Liechtenstein	fl	ğŸ‡±ğŸ‡®
Lithuania	lt	lt	Lithuania	lt	ğŸ‡±ğŸ‡¹
Luxembourg	lu	lu	Luxembourg	lu	ğŸ‡±ğŸ‡º
Macau	mo	mo	Guinea-Bissau	zq	ğŸ‡²ğŸ‡´
N. Macedonia	mk	mk	North Macedonia	nn	ğŸ‡²ğŸ‡°
Madagascar	mg	mg	Madagascar	ms	ğŸ‡²ğŸ‡¬
Madeira	pt	madeira	Madeira	xm	ğŸ‡µğŸ‡¹
Malawi	mw	mw	Malawi	mw	ğŸ‡²ğŸ‡¼
Malaysia	my	my	Malaysia	ml	ğŸ‡²ğŸ‡¾
Maldives	mv	mv	Maldives	mv	ğŸ‡²ğŸ‡»
Mali	ml	ml	Mali	mi	ğŸ‡²ğŸ‡±
Malta	mt	mt	Malta	mt	ğŸ‡²ğŸ‡¹
Marshall Is.	mh	mh	Marshall Islands	my	ğŸ‡²ğŸ‡­
Mauritania	mr	mr	Mauritania	mn	ğŸ‡²ğŸ‡·
Mauritius	mu	mu	Mauritius	ym	ğŸ‡²ğŸ‡º
Mexico	mx	mx	Mexico	mx	ğŸ‡²ğŸ‡½
Moldova	md	md	Moldova	md	ğŸ‡²ğŸ‡©
Monaco	mc	mc	Monaco	mc	ğŸ‡²ğŸ‡¨
Mongolia	mn	mn	Mongolia	mg	ğŸ‡²ğŸ‡³
Montenegro	me	me	Montenegro	me	ğŸ‡²ğŸ‡ª
Morocco	ma	ma	Morocco	mr	ğŸ‡²ğŸ‡¦
Mozambique	mz	mz	Mozambique	mz	ğŸ‡²ğŸ‡¿
Myanmar	mm	mm	Myanmar	mf	ğŸ‡²ğŸ‡²
Namibia	na	na	Namibia	nm	ğŸ‡³ğŸ‡¦
Nauru	nr	nr	Nauru	nu	ğŸ‡³ğŸ‡·
Nepal	np	np	Nepal	np	ğŸ‡³ğŸ‡µ
Netherlands	nl	nl	Netherlands	nl	ğŸ‡³ğŸ‡±
New Zealand	nz	nz	New Zealand	nz	ğŸ‡³ğŸ‡¿
Nicaragua	ni	ni	Nicaragua	nc	ğŸ‡³ğŸ‡®
Niger	ne	ne	Niger	ng	ğŸ‡³ğŸ‡ª
Nigeria	ng	ng	Nigeria	ni	ğŸ‡³ğŸ‡¬
Niue	nu	nu	Niue	zn	ğŸ‡³ğŸ‡º
North Korea	kp	kp	North Korea	nk	ğŸ‡°ğŸ‡µ
N. Cyprus	tr	tr	Northern Cyprus	kb	ğŸ‡¹ğŸ‡·
Norway	no	no	Norway	no	ğŸ‡³ğŸ‡´
Oman	om	om	Oman	om	ğŸ‡´ğŸ‡²
Pakistan	pk	pk	Pakistan	pk	ğŸ‡µğŸ‡°
Palau	pw	pw	Palau	yp	ğŸ‡µğŸ‡¼
Palestine	ps	ps	Palestine	pa	ğŸ‡µğŸ‡¸
Panama	pa	pa	Panama	pm	ğŸ‡µğŸ‡¦
Papua New Guinea	pg	pg	Papua New Guinea	pg	ğŸ‡µğŸ‡¬
Paraguay	py	py	Paraguay	py	ğŸ‡µğŸ‡¾
Peru	pe	pe	Peru	pu	ğŸ‡µğŸ‡ª
Placeholder	aq	aq	Rest of the World	rw	â¬œ
Philippines	ph	ph	Philippines	ph	ğŸ‡µğŸ‡­
Poland	pl	pl	Poland	pl	ğŸ‡µğŸ‡±
Portugal	pt	pt	Portugal	pt	ğŸ‡µğŸ‡¹
Puerto Rico	pr	pr	Puerto Rico	pr	ğŸ‡µğŸ‡·
Qatar	qa	qa	Qatar	qt	ğŸ‡¶ğŸ‡¦
Rep. of the Congo	cg	cg	Republic of the Congo	cx	ğŸ‡¨ğŸ‡¬
Romania	ro	ro	Romania	ro	ğŸ‡·ğŸ‡´
Russia	ru	ru	Russia	ru	ğŸ‡·ğŸ‡º
Rwanda	rw	rw	Rwanda	ra	ğŸ‡·ğŸ‡¼
Saint Helena	sh	sh	Saint Helena	he	ğŸ‡¸ğŸ‡­
Saint Kitts & Nevis	kn	kn	Saint Kitts and Nevis	kn	ğŸ‡°ğŸ‡³
Saint Lucia	lc	lc	Saint Lucia	lc	ğŸ‡±ğŸ‡¨
Sint Maarten	sx	sx	Sint Maarten	mq	ğŸ‡¸ğŸ‡½
St Pierre & Miquelon	pm	pm	Saint Pierre and Miquelon	zp	ğŸ‡µğŸ‡²
St Vincent & G'dines	vc	vc	Saint Vincent and the Grenadines	vg	ğŸ‡»ğŸ‡¨
Samoa	ws	ws	Samoa	ws	ğŸ‡¼ğŸ‡¸
San Marino	sm	sm	San Marino	sm	ğŸ‡¸ğŸ‡²
S. TomÃ© & Principe	st	st	S&atilde;o Tom&eacute; and Principe	zf	ğŸ‡¸ğŸ‡¹
SÃ¡pmi	fi	sapmi	S&aacute;pmi	lp	ğŸ‡«ğŸ‡®
Saudi Arabia	sa	sa	Saudi Arabia	sa	ğŸ‡¸ğŸ‡¦
Senegal	sn	sn	Senegal	sg	ğŸ‡¸ğŸ‡³
Serbia	rs	rs	Serbia	rs	ğŸ‡·ğŸ‡¸
Seychelles	sc	sc	Seychelles	zy	ğŸ‡¸ğŸ‡¨
Sierra Leone	sl	sl	Sierra Leone	ze	ğŸ‡¸ğŸ‡±
Singapore	sg	sg	Singapore	sp	ğŸ‡¸ğŸ‡¬
Sint Maarten	sx	sx	Sint Maarten	mq	ğŸ‡¸ğŸ‡½
Slovakia	sk	sk	Slovakia	sk	ğŸ‡¸ğŸ‡°
Slovenia	si	si	Slovenia	si	ğŸ‡¸ğŸ‡®
Solomon Islands	sb	sb	Solomon Islands	zd	ğŸ‡¸ğŸ‡§
Somalia	so	so	Somalia	so	ğŸ‡¸ğŸ‡´
Somaliland	so	somaliland	Somaliland	sl	ğŸ‡¸ğŸ‡´
South Africa	za	za	South Africa	za	ğŸ‡¿ğŸ‡¦
South Korea	kr	kr	Korea	kr	ğŸ‡°ğŸ‡·
South Ossetia	ge	southossetia	South Ossetia	os	ğŸ‡¬ğŸ‡ª
South Sudan	ss	ss	South Sudan	ss	ğŸ‡¸ğŸ‡¸
Spain	es	es	Spain	es	ğŸ‡ªğŸ‡¸
Sri Lanka	lk	lk	Sri Lanka	ce	ğŸ‡±ğŸ‡°
Sudan	sd	sd	Sudan	ns	ğŸ‡¸ğŸ‡©
Suriname	sr	sr	Suriname	sr	ğŸ‡¸ğŸ‡·
Svalbard	no	svalbard	Svalbard	ys	ğŸ‡³ğŸ‡´
Sweden	se	se	Sweden	se	ğŸ‡¸ğŸ‡ª
Switzerland	ch	ch	Switzerland	ch	ğŸ‡¨ğŸ‡­
Syria	sy	syria	Syria	sy	ğŸ‡¸ğŸ‡¾
Taiwan	tw	tw	Republic of China	rc	ğŸ‡¹ğŸ‡¼
Tajikistan	tj	tj	Tajikistan	tj	ğŸ‡¹ğŸ‡¯
Tanzania	tz	tz	Tanzania	tz	ğŸ‡¹ğŸ‡¿
Thailand	th	th	Thailand	th	ğŸ‡¹ğŸ‡­
The Gambia	gm	gm	The Gambia	ya	ğŸ‡¬ğŸ‡²
Togo	tg	tg	Togo	tg	ğŸ‡¹ğŸ‡¬
Tonga	to	to	Tonga	to	ğŸ‡¹ğŸ‡´
Transnistria	md	transnistria	Transnistria	tn	ğŸ‡²ğŸ‡©
Trinidad & Tobago	tt	tt	Trinidad and Tobago	tt	ğŸ‡¹ğŸ‡¹
Tristan da Cunha	gb	gb	Tristan da Cunha	ti	ğŸ‡¹ğŸ‡¦
Tunisia	tn	tn	Tunisia	tu	ğŸ‡¹ğŸ‡³
Turkey	tr	tr	Turkey	tr	ğŸ‡¹ğŸ‡·
Turkmenistan	tm	tm	Turkmenistan	tm	ğŸ‡¹ğŸ‡²
Turks and Caicos	tc	tc	Turks and Caicos Islands	tc	ğŸ‡¹ğŸ‡¨
Tuvalu	tv	tv	Tuvalu	tv	ğŸ‡¹ğŸ‡»
Uganda	ug	ug	Uganda	ug	ğŸ‡ºğŸ‡¬
Ukraine	ua	ua	Ukraine	ua	ğŸ‡ºğŸ‡¦
U'td Arab Emirates	ae	ae	United Arab Emirates	ae	ğŸ‡¦ğŸ‡ª
United Kingdom	gb	gb	United Kingdom	uk	ğŸ‡¬ğŸ‡§
United States	us	us	United States	us	ğŸ‡ºğŸ‡¸
U.S. Virgin Is.	vi	vi	United States Virgin Islands	vo	ğŸ‡»ğŸ‡®
Uruguay	uy	uy	Uruguay	ur	ğŸ‡ºğŸ‡¾
Uzbekistan	uz	uz	Uzbekistan	uz	ğŸ‡ºğŸ‡¿
Vanuatu	vu	vu	Vanuatu	va	ğŸ‡»ğŸ‡º
Vatican City	va	va	Vatican City	vc	ğŸ‡»ğŸ‡¦
Venezuela	ve	ve	Venezuela	vn	ğŸ‡»ğŸ‡ª
Vietnam	vn	vn	Vietnam	vi	ğŸ‡»ğŸ‡³
Wallis & Futuna	wf	wf	Wallis and Futuna	wf	ğŸ‡¼ğŸ‡«
Western Sahara	eh	eh	Western Sahara	sh	ğŸ‡ªğŸ‡­
Yemen	ye	ye	Yemen	ye	ğŸ‡¾ğŸ‡ª
Zambia	zm	zm	Zambia	zm	ğŸ‡¿ğŸ‡²
Zimbabwe	zw	zw	Zimbabwe	zb	ğŸ‡¿ğŸ‡¼